1,Bing,Oldacres,boldacres0@ycombinator.com,Male
2,Mildrid,Jermey,mjermey1@cnbc.com,Female
3,Jehu,Matushevitz,jmatushevitz2@google.co.uk,Male
4,Thomasine,Franzotto,tfranzotto3@live.com,Female
5,Aksel,Keelan,akeelan4@deliciousdays.com,Male
6,Abby,Von Brook,avonbrook5@ustream.tv,Female
7,Gill,Crowcroft,gcrowcroft6@storify.com,Male
8,Livvy,Crohan,lcrohan7@issuu.com,Female
eight,Livvy,Langstone,lcrohan7@issuu.com,Female
9,Archaimbaud,Langstone,alangstone8@cbsnews.com,Male
10,Willyt,Kohtler,wkohtler9@webmd.com,Female
11,Efren,Wearne,ewearnea@forbes.com,Male
12,Fanchon,Bollands,fbollandsb@barnesandnoble.com,Female
13,Avrit,Cathesyed,acathesyedc@thetimes.co.uk,Female
14,Brannon,Camble,ejuzekj@vistaprint.com,Male
14,Michel,Juzek,bcambled@vistaprint.com,Male
15,Gaylor,Cordelette,gcordelettee@e-recht24.de,Male
16,Michel,Doughartie,mdoughartief@unicef.org,Female
17,Tim,Basketfield,tbasketfieldg@360.cn,Male
18,Torrin,Tocknell,ttocknellh@1und1.de,Male
19,Batsheva,Warburton,bwarburtoni@tuttocitta.it,Female
20,Elfie,Juzek,ejuzekj@constantcontact.com,Female
20,Elfie,Juzek,ejuzekjconstantcontact.com,Female
21,Elfie,Juzek,ejuzekjconstantcontact.com,Other